cell,seed,config,layer,rank,macro_f1,lora_params,seconds
C1,100,baseline,-1,8,0.822931,1327104,413.9
C1,100,layer,0,1,0.801758,1230336,404.8
C1,100,layer,0,32,0.804772,1658880,409.0
C1,100,layer,1,1,0.814941,1230336,403.7
C1,100,layer,1,32,0.806961,1658880,409.1
C1,100,layer,2,1,0.796466,1230336,403.6
C1,100,layer,2,32,0.816264,1658880,408.8
C1,100,layer,3,1,0.797110,1230336,403.8
C1,100,layer,3,32,0.808226,1658880,408.8
C1,100,layer,4,1,0.799236,1230336,404.0
C1,100,layer,4,32,0.805664,1658880,408.4
C1,100,layer,5,1,0.811101,1230336,403.9
C1,100,layer,5,32,0.798965,1658880,408.8
C1,100,layer,6,1,0.799996,1230336,403.9
C1,100,layer,6,32,0.804797,1658880,409.2
C1,100,layer,7,1,0.796568,1230336,404.0
C1,100,layer,7,32,0.815195,1658880,409.1
C1,100,layer,8,1,0.799509,1230336,403.3
C1,100,layer,8,32,0.819907,1658880,408.6
C1,100,layer,9,1,0.787684,1230336,403.2
C1,100,layer,9,32,0.804840,1658880,408.9
C1,100,layer,10,1,0.809537,1230336,403.2
C1,100,layer,10,32,0.820220,1658880,408.7
C1,100,layer,11,1,0.816130,1230336,403.4
C1,100,layer,11,32,0.810891,1658880,409.1
C1,101,baseline,-1,8,0.808747,1327104,404.9
C1,101,layer,0,1,0.814466,1230336,405.0
C1,101,layer,0,32,0.811761,1658880,407.9
C1,101,layer,1,1,0.796273,1230336,402.8
C1,101,layer,1,32,0.807370,1658880,408.3
C1,101,layer,2,1,0.803040,1230336,402.5
C1,101,layer,2,32,0.796553,1658880,408.0
C1,101,layer,3,1,0.817005,1230336,402.9
C1,101,layer,3,32,0.798702,1658880,407.9
C1,101,layer,4,1,0.797083,1230336,402.5
C1,101,layer,4,32,0.808207,1658880,408.3
C1,101,layer,5,1,0.805200,1230336,403.3
C1,101,layer,5,32,0.810404,1658880,408.2
C1,101,layer,6,1,0.813762,1230336,402.8
C1,101,layer,6,32,0.794522,1658880,408.0
C1,101,layer,7,1,0.802081,1230336,402.8
C1,101,layer,7,32,0.811113,1658880,408.4
C1,101,layer,8,1,0.812679,1230336,402.5
C1,101,layer,8,32,0.818851,1658880,408.0
C1,101,layer,9,1,0.794563,1230336,402.5
C1,101,layer,9,32,0.812431,1658880,408.0
C1,101,layer,10,1,0.810683,1230336,402.2
C1,101,layer,10,32,0.815065,1658880,407.8
C1,101,layer,11,1,0.803446,1230336,402.8
C1,101,layer,11,32,0.800347,1658880,407.9
C1,102,baseline,-1,8,0.798833,1327104,404.7
C1,102,layer,0,1,0.807525,1230336,401.9
C1,102,layer,0,32,0.800566,1658880,414.0
C1,102,layer,1,1,0.801818,1230336,409.5
C1,102,layer,1,32,0.811639,1658880,415.1
C1,102,layer,2,1,0.792812,1230336,409.7
C1,102,layer,2,32,0.791225,1658880,415.1
C1,102,layer,3,1,0.797338,1230336,409.9
C1,102,layer,3,32,0.813082,1658880,414.8
C1,102,layer,4,1,0.788775,1230336,409.5
C1,102,layer,4,32,0.791217,1658880,414.9
C1,102,layer,5,1,0.807654,1230336,409.9
C1,102,layer,5,32,0.814350,1658880,415.0
C1,102,layer,6,1,0.797955,1230336,410.2
C1,102,layer,6,32,0.800780,1658880,414.9
C1,102,layer,7,1,0.805527,1230336,409.8
C1,102,layer,7,32,0.804793,1658880,414.9
C1,102,layer,8,1,0.808185,1230336,410.1
C1,102,layer,8,32,0.803067,1658880,414.8
C1,102,layer,9,1,0.798852,1230336,410.0
C1,102,layer,9,32,0.802209,1658880,415.2
C1,102,layer,10,1,0.814394,1230336,410.0
C1,102,layer,10,32,0.809989,1658880,415.2
C1,102,layer,11,1,0.805642,1230336,409.1
C1,102,layer,11,32,0.806934,1658880,414.9
