cell,seed,config,layer,rank,macro_f1,f1_neg,f1_neu,f1_pos,accuracy,nll,lora_params,seconds,eval_file
C1,100,type:attention.self.key,-1,1,0.800817,0.958084,0.485981,0.958386,0.942428,0.18701,1198080,396.6,calibration.csv
C1,100,type:attention.self.key,-1,4,0.800753,0.954667,0.485981,0.961611,0.942428,0.198374,1253376,418.8,calibration.csv
C1,100,type:attention.self.key,-1,16,0.813222,0.954787,0.523364,0.961514,0.94368,0.188782,1474560,408.8,calibration.csv
C1,100,type:attention.self.key,-1,32,0.795014,0.951751,0.477876,0.955414,0.936796,0.190068,1769472,427.1,calibration.csv
C1,100,type:intermediate.dense,-1,1,0.795643,0.953146,0.472727,0.961055,0.940551,0.200376,1004544,396.1,calibration.csv
C1,100,type:intermediate.dense,-1,4,0.802166,0.951187,0.495413,0.959898,0.939925,0.189794,1142784,425.6,calibration.csv
C1,100,type:intermediate.dense,-1,16,0.807823,0.959522,0.5,0.963947,0.946183,0.179181,1695744,409.2,calibration.csv
C1,100,type:intermediate.dense,-1,32,0.812921,0.955482,0.522523,0.960759,0.943054,0.188654,2433024,429.1,calibration.csv
C1,105,type:attention.self.key,-1,1,0.805619,0.953519,0.5,0.963338,0.943054,0.184878,1198080,399.5,calibration.csv
C1,105,type:attention.self.key,-1,4,0.812627,0.955482,0.521739,0.96066,0.942428,0.188391,1253376,423.0,calibration.csv
C1,105,type:attention.self.key,-1,16,0.795331,0.952635,0.471698,0.961659,0.941176,0.202662,1474560,406.8,calibration.csv
C1,105,type:attention.self.key,-1,32,0.805086,0.951624,0.504348,0.959288,0.939299,0.202652,1769472,424.3,calibration.csv
C1,105,type:intermediate.dense,-1,1,0.787712,0.95739,0.446602,0.959145,0.941802,0.185448,1004544,394.3,calibration.csv
C1,105,type:intermediate.dense,-1,4,0.801288,0.949401,0.495575,0.958887,0.938048,0.203444,1142784,422.8,calibration.csv
C1,105,type:intermediate.dense,-1,16,0.817944,0.955482,0.535714,0.962635,0.944305,0.184486,1695744,407.3,calibration.csv
C1,105,type:intermediate.dense,-1,32,0.810069,0.950928,0.518519,0.960759,0.941176,0.183334,2433024,428.4,calibration.csv
